schema,name,identity_args,security_definer,volatile,config,owner,acl,kind
public,accept_family_invite,"p_token text, p_share_meals boolean, p_share_health boolean, p_share_menu boolean",t,v,search_path=public,postgres,"{postgres=X/postgres,authenticated=X/postgres,service_role=X/postgres}",f
public,accept_family_representative_transfer,p_proposal_id uuid,t,v,search_path=public,postgres,"{postgres=X/postgres,authenticated=X/postgres,service_role=X/postgres}",f
public,accept_org_invite,p_token text,t,v,search_path=public,postgres,"{postgres=X/postgres,authenticated=X/postgres}",f
public,accept_org_owner_transfer,p_proposal_id uuid,t,v,search_path=public,postgres,"{postgres=X/postgres,authenticated=X/postgres,service_role=X/postgres}",f
public,add_family_child,"p_family_id uuid, p_display_name text, p_child_profile jsonb",t,v,search_path=public,postgres,"{postgres=X/postgres,authenticated=X/postgres,service_role=X/postgres}",f
public,admin_set_user_roles,"p_user_id uuid, p_roles text[]",t,v,search_path=public,postgres,"{postgres=X/postgres,authenticated=X/postgres,service_role=X/postgres}",f
public,can_view_user_meals,p_target_user_id uuid,t,s,search_path=public,postgres,"{postgres=X/postgres,anon=X/postgres,authenticated=X/postgres,service_role=X/postgres}",f
public,claim_menu_request,p_worker_id text,t,v,search_path=public,postgres,"{postgres=X/postgres,service_role=X/postgres}",f
public,cleanup_handson_tour_sandbox_rows,"",t,v,search_path=public,postgres,"{=X/postgres,postgres=X/postgres,service_role=X/postgres}",f
public,cleanup_old_logs,"",f,v,"",postgres,"{=X/postgres,postgres=X/postgres,anon=X/postgres,authenticated=X/postgres,service_role=X/postgres}",f
public,complete_handson_tour,"",t,v,search_path=public,postgres,"{postgres=X/postgres,authenticated=X/postgres,service_role=X/postgres}",f
public,create_family_group,"p_name text, p_plan_key text",t,v,search_path=public,postgres,"{postgres=X/postgres,authenticated=X/postgres,service_role=X/postgres}",f
public,create_family_invite,"p_family_id uuid, p_email text, p_custom_message text",t,v,search_path=public,postgres,"{postgres=X/postgres,authenticated=X/postgres,service_role=X/postgres}",f
public,create_org_invite,"p_organization_id uuid, p_email text, p_role org_role_enum, p_custom_message text",f,v,search_path=public,postgres,"{postgres=X/postgres,anon=X/postgres,authenticated=X/postgres,service_role=X/postgres}",f
public,decline_family_representative_transfer,p_proposal_id uuid,t,v,search_path=public,postgres,"{postgres=X/postgres,authenticated=X/postgres}",f
public,decline_org_owner_transfer,p_proposal_id uuid,t,v,search_path=public,postgres,"{postgres=X/postgres,authenticated=X/postgres}",f
public,decrement_recipe_like_count,"p_recipe_id text, p_recipe_uuid uuid",t,v,search_path=public,postgres,"{postgres=X/postgres,service_role=X/postgres}",f
public,fill_derived_recipes_magnesium_mg,"",f,v,"",postgres,"{=X/postgres,postgres=X/postgres,anon=X/postgres,authenticated=X/postgres,service_role=X/postgres}",f
public,fill_planned_meals_magnesium_mg,"",f,v,"",postgres,"{=X/postgres,postgres=X/postgres,anon=X/postgres,authenticated=X/postgres,service_role=X/postgres}",f
public,get_7d_checkin_averages,"p_user_id uuid, p_date date",f,s,"",postgres,"{=X/postgres,postgres=X/postgres,anon=X/postgres,authenticated=X/postgres,service_role=X/postgres}",f
public,get_invite_details,p_token text,t,v,search_path=public,postgres,"{postgres=X/postgres,anon=X/postgres,authenticated=X/postgres,service_role=X/postgres}",f
public,guard_family_groups_privileged,"",f,v,"",postgres,"{=X/postgres,postgres=X/postgres,anon=X/postgres,authenticated=X/postgres,service_role=X/postgres}",f
public,guard_family_members_privileged,"",f,v,"",postgres,"{=X/postgres,postgres=X/postgres,anon=X/postgres,authenticated=X/postgres,service_role=X/postgres}",f
public,guard_organizations_privileged,"",f,v,"",postgres,"{=X/postgres,postgres=X/postgres,anon=X/postgres,authenticated=X/postgres,service_role=X/postgres}",f
public,guard_user_profiles_privileged,"",f,v,"",postgres,"{=X/postgres,postgres=X/postgres,anon=X/postgres,authenticated=X/postgres,service_role=X/postgres}",f
public,increment_recipe_like_count,"p_recipe_id text, p_recipe_uuid uuid",t,v,search_path=public,postgres,"{postgres=X/postgres,service_role=X/postgres}",f
public,increment_recipe_view_count,recipe_id uuid,t,v,search_path=public,postgres,"{postgres=X/postgres,authenticated=X/postgres,service_role=X/postgres}",f
public,invoke_catalog_import,p_function_name text,t,v,search_path=public,postgres,"{postgres=X/postgres,service_role=X/postgres}",f
public,is_inactive_user,p_user_id uuid,t,v,search_path=public,postgres,"{postgres=X/postgres,authenticated=X/postgres,service_role=X/postgres}",f
public,leave_family,"",t,v,search_path=public,postgres,"{postgres=X/postgres,authenticated=X/postgres,service_role=X/postgres}",f
public,leave_org,"",t,v,search_path=public,postgres,"{postgres=X/postgres,authenticated=X/postgres,service_role=X/postgres}",f
public,list_families_with_inactive_representative,"",t,v,search_path=public,postgres,"{postgres=X/postgres,authenticated=X/postgres,service_role=X/postgres}",f
public,list_orgs_with_inactive_owner,"",t,v,search_path=public,postgres,"{postgres=X/postgres,authenticated=X/postgres,service_role=X/postgres}",f
public,normalize_dish_name,name text,f,i,"",postgres,"{=X/postgres,postgres=X/postgres,anon=X/postgres,authenticated=X/postgres,service_role=X/postgres}",f
public,operator_force_dissolve_family,"p_family_id uuid, p_reason text",t,v,search_path=public,postgres,"{postgres=X/postgres,authenticated=X/postgres,service_role=X/postgres}",f
public,operator_force_dissolve_org,"p_organization_id uuid, p_reason text",t,v,search_path=public,postgres,"{postgres=X/postgres,authenticated=X/postgres,service_role=X/postgres}",f
public,operator_force_owner_transfer,"p_organization_id uuid, p_new_owner_id uuid, p_reason text",t,v,search_path=public,postgres,"{postgres=X/postgres,authenticated=X/postgres,service_role=X/postgres}",f
public,operator_force_representative_transfer,"p_family_id uuid, p_new_rep_id uuid, p_reason text",t,v,search_path=public,postgres,"{postgres=X/postgres,authenticated=X/postgres,service_role=X/postgres}",f
public,organizations_owner_id_unchanged,"p_org_id uuid, p_new_owner_id uuid",t,s,search_path=public,postgres,"{postgres=X/postgres,anon=X/postgres,authenticated=X/postgres,service_role=X/postgres}",f
public,paste_meal_to_family,"p_source_meal_id uuid, p_target_user_ids uuid[]",t,v,search_path=public,postgres,"{postgres=X/postgres,authenticated=X/postgres,service_role=X/postgres}",f
public,preview_family_invite,p_token text,t,v,search_path=public,postgres,"{postgres=X/postgres,anon=X/postgres,authenticated=X/postgres,service_role=X/postgres}",f
public,preview_org_invite,p_token text,t,v,search_path=public,postgres,"{postgres=X/postgres,anon=X/postgres,authenticated=X/postgres,service_role=X/postgres}",f
public,promote_child_to_user,"p_member_id uuid, p_email text",t,v,search_path=public,postgres,"{postgres=X/postgres,authenticated=X/postgres,service_role=X/postgres}",f
public,promote_child_to_user,"p_member_id uuid, p_user_id uuid",t,v,search_path=public,postgres,"{postgres=X/postgres,anon=X/postgres,authenticated=X/postgres,service_role=X/postgres}",f
public,propose_family_representative_transfer,"p_family_id uuid, p_to_user_id uuid",t,v,search_path=public,postgres,"{postgres=X/postgres,authenticated=X/postgres,service_role=X/postgres}",f
public,propose_org_owner_transfer,"p_organization_id uuid, p_to_user_id uuid",t,v,search_path=public,postgres,"{postgres=X/postgres,authenticated=X/postgres,service_role=X/postgres}",f
public,reject_family_invite,p_token text,t,v,search_path=public,postgres,"{postgres=X/postgres,authenticated=X/postgres,service_role=X/postgres}",f
public,reject_org_invite,p_token text,t,v,search_path=public,postgres,"{postgres=X/postgres,authenticated=X/postgres,service_role=X/postgres}",f
public,release_user_membership,p_user_id uuid,t,v,search_path=public,postgres,"{postgres=X/postgres,service_role=X/postgres}",f
public,remove_family_member,"p_family_id uuid, p_member_id uuid",t,v,search_path=public,postgres,"{postgres=X/postgres,authenticated=X/postgres,service_role=X/postgres}",f
public,remove_org_member,"p_organization_id uuid, p_user_id uuid",t,v,search_path=public,postgres,"{postgres=X/postgres,authenticated=X/postgres,service_role=X/postgres}",f
public,reset_e2e_test_users,"",t,v,"",postgres,"{postgres=X/postgres,service_role=X/postgres}",f
public,revoke_family_invite,p_invite_id uuid,t,v,search_path=public,postgres,"{postgres=X/postgres,authenticated=X/postgres,service_role=X/postgres}",f
public,revoke_org_invite,p_invite_id uuid,t,v,search_path=public,postgres,"{postgres=X/postgres,authenticated=X/postgres,service_role=X/postgres}",f
public,search_dataset_ingredients_by_embedding,"query_embedding vector, match_count integer",f,s,"",postgres,"{=X/postgres,postgres=X/postgres,anon=X/postgres,authenticated=X/postgres,service_role=X/postgres}",f
public,search_ingredients_by_text_similarity,"query_name text, similarity_threshold numeric, result_limit integer",f,s,"",postgres,"{=X/postgres,postgres=X/postgres,anon=X/postgres,authenticated=X/postgres,service_role=X/postgres}",f
public,search_ingredients_full_by_embedding,"query_embedding vector, match_count integer",f,s,"",postgres,"{=X/postgres,postgres=X/postgres,anon=X/postgres,authenticated=X/postgres,service_role=X/postgres}",f
public,search_menu_examples,"query_embedding vector, match_count integer, filter_meal_type_hint text, filter_max_sodium numeric, filter_theme_tags text[]",f,s,"",postgres,"{=X/postgres,postgres=X/postgres,anon=X/postgres,authenticated=X/postgres,service_role=X/postgres}",f
public,search_recipes_hybrid,"query_text text, query_embedding vector, match_count integer, similarity_threshold numeric",f,s,"",postgres,"{=X/postgres,postgres=X/postgres,anon=X/postgres,authenticated=X/postgres,service_role=X/postgres}",f
public,search_recipes_with_nutrition,"query_name text, similarity_threshold numeric, result_limit integer",f,s,"",postgres,"{=X/postgres,postgres=X/postgres,anon=X/postgres,authenticated=X/postgres,service_role=X/postgres}",f
public,search_similar_dataset_ingredients,"query_name text, similarity_threshold numeric, result_limit integer",f,s,"",postgres,"{=X/postgres,postgres=X/postgres,anon=X/postgres,authenticated=X/postgres,service_role=X/postgres}",f
public,search_similar_dataset_recipes,"query_name text, similarity_threshold numeric, result_limit integer",f,s,"",postgres,"{=X/postgres,postgres=X/postgres,anon=X/postgres,authenticated=X/postgres,service_role=X/postgres}",f
public,sync_recipe_like_count,"",t,v,search_path=public,postgres,"{postgres=X/postgres,service_role=X/postgres}",f
public,update_ai_consultation_sessions_updated_at,"",f,v,"",postgres,"{=X/postgres,postgres=X/postgres,anon=X/postgres,authenticated=X/postgres,service_role=X/postgres}",f
public,update_embedding_jobs_updated_at,"",f,v,"",postgres,"{=X/postgres,postgres=X/postgres,anon=X/postgres,authenticated=X/postgres,service_role=X/postgres}",f
public,update_family_groups_updated_at,"",f,v,"",postgres,"{=X/postgres,postgres=X/postgres,anon=X/postgres,authenticated=X/postgres,service_role=X/postgres}",f
public,update_family_members_updated_at,"",f,v,"",postgres,"{=X/postgres,postgres=X/postgres,anon=X/postgres,authenticated=X/postgres,service_role=X/postgres}",f
public,update_health_checkups_updated_at,"",f,v,"",postgres,"{=X/postgres,postgres=X/postgres,anon=X/postgres,authenticated=X/postgres,service_role=X/postgres}",f
public,update_health_goals_updated_at,"",f,v,"",postgres,"{=X/postgres,postgres=X/postgres,anon=X/postgres,authenticated=X/postgres,service_role=X/postgres}",f
public,update_health_records_updated_at,"",f,v,"",postgres,"{=X/postgres,postgres=X/postgres,anon=X/postgres,authenticated=X/postgres,service_role=X/postgres}",f
public,update_health_streaks_updated_at,"",f,v,"",postgres,"{=X/postgres,postgres=X/postgres,anon=X/postgres,authenticated=X/postgres,service_role=X/postgres}",f
public,update_inquiries_updated_at,"",f,v,"",postgres,"{=X/postgres,postgres=X/postgres,anon=X/postgres,authenticated=X/postgres,service_role=X/postgres}",f
public,update_my_share_settings,"p_share_meals boolean, p_share_health boolean, p_share_menu boolean",t,v,search_path=public,postgres,"{postgres=X/postgres,authenticated=X/postgres,service_role=X/postgres}",f
public,update_nutrition_feedback_cache_updated_at,"",f,v,"",postgres,"{=X/postgres,postgres=X/postgres,anon=X/postgres,authenticated=X/postgres,service_role=X/postgres}",f
public,update_nutrition_targets_updated_at,"",f,v,"",postgres,"{=X/postgres,postgres=X/postgres,anon=X/postgres,authenticated=X/postgres,service_role=X/postgres}",f
public,update_performance_checkin_timestamp,"",f,v,"",postgres,"{=X/postgres,postgres=X/postgres,anon=X/postgres,authenticated=X/postgres,service_role=X/postgres}",f
public,update_shopping_list_requests_updated_at,"",f,v,"",postgres,"{=X/postgres,postgres=X/postgres,anon=X/postgres,authenticated=X/postgres,service_role=X/postgres}",f
public,update_updated_at_column,"",f,v,"",postgres,"{=X/postgres,postgres=X/postgres,anon=X/postgres,authenticated=X/postgres,service_role=X/postgres}",f
public,upsert_daily_meal_slot,"p_user_id uuid, p_day_date date, p_meal_type text, p_planned_data jsonb",t,v,search_path=public,postgres,"{postgres=X/postgres,service_role=X/postgres}",f
public,user_has_non_sandbox_activity,"",f,v,search_path=public,postgres,"{postgres=X/postgres,anon=X/postgres,authenticated=X/postgres,service_role=X/postgres}",f
