pubname,schemaname,tablename
supabase_realtime,public,nutrition_feedback_cache
supabase_realtime,public,shopping_list_requests
supabase_realtime,public,weekly_menu_requests
supabase_realtime_messages_publication,realtime,messages_2026_05_07
supabase_realtime_messages_publication,realtime,messages_2026_05_08
supabase_realtime_messages_publication,realtime,messages_2026_05_09
supabase_realtime_messages_publication,realtime,messages_2026_05_10
supabase_realtime_messages_publication,realtime,messages_2026_05_11
supabase_realtime_messages_publication,realtime,messages_2026_05_12
supabase_realtime_messages_publication,realtime,messages_2026_05_13
